"id","text","createdAt","likeCount","replyCount","commentLanguage","awemeId","isAuthorLiked","user.id","user.username","user.displayName","user.url","user.bio","user.avatarUrl","user.region","user.language","user.hasEmail","user.hasPhone"
"7374560643305505554","apakah adsense ad kena pajak?","2024-05-29T23:02:00.000Z","0","3","id","7374321954217643281","false","6799658126079345665","toro.3gp","toro.3gp","https://www.tiktok.com/@toro.3gp","downloaded as a joke. now im addicted.","https://p19-common-sign-useastred.tiktokcdn-eu.com/tos-useast2a-avt-0068-giso/8e9a3789d57513a6f42e6eb6b5599448~tplv-tiktokx-cropcenter-q:100:100:q70.heic?dr=9606&idc=no1a&ps=87d6e48a&refresh_token=4ba630e8&s=COMMENT_LIST&sc=avatar&shcp=ff37627b&shp=30310797&t=223449c4&x-expires=1758960000&x-signature=%2FiFqZpNTcrDGF347Pwa5TtiLhIc%3D","ID","en","false","false"
"7378000540901802769","udah paling bener pindah negara sih😂","2024-06-08T05:30:35.000Z","0","1","id","7374321954217643281","false","6776990943868896257","brizynich0","brother","https://www.tiktok.com/@brizynich0","yang Korang cari ada Kat bag kuning 🙏","https://p16-sign-sg.tiktokcdn.com/tos-alisg-avt-0068/e844e1034fa5c3e42facdfe03b193f27~tplv-tiktokx-cropcenter-q:100:100:q70.heic?dr=9606&idc=no1a&ps=87d6e48a&refresh_token=ca734688&s=COMMENT_LIST&sc=avatar&shcp=ff37627b&shp=30310797&t=223449c4&x-expires=1758960000&x-signature=A75NDhlIW4JRdp9hnA6AIjmzuCw%3D","MY","id","false","false"
"7374410891925832453","bagus lah harus di seleksi kpi bagus","2024-05-29T13:20:42.000Z","7","29","id","7374321954217643281","false","6842882330195149825","razhandz_madoy","razhandz madoy","https://www.tiktok.com/@razhandz_madoy","semangat selalu","https://p16-sign-sg.tiktokcdn.com/tos-alisg-avt-0068/88bb9b996315210d14d4cef5567f9e57~tplv-tiktokx-cropcenter-q:100:100:q70.heic?dr=9606&idc=no1a&ps=87d6e48a&refresh_token=34ce4e7c&s=COMMENT_LIST&sc=avatar&shcp=ff37627b&shp=30310797&t=223449c4&x-expires=1758960000&x-signature=msQVZtkdvLtfjdU64YIuhLps7%2B4%3D","ID","id","false","false"
"7374443659851629317","saya sih setuju dngan undang2 baru in","2024-05-29T15:27:58.000Z","7","14","id","7374321954217643281","false","6956826246575784961","ilhamkidd","LONG1991","https://www.tiktok.com/@ilhamkidd","","https://p16-sign-sg.tiktokcdn.com/tos-alisg-avt-0068/c66eb7d72488cf5ce4f8024f441405f2~tplv-tiktokx-cropcenter-q:100:100:q70.heic?dr=9606&idc=no1a&ps=87d6e48a&refresh_token=50fec91d&s=COMMENT_LIST&sc=avatar&shcp=ff37627b&shp=30310797&t=223449c4&x-expires=1758960000&x-signature=XEcsa8oZzW1WFXuKTJnn9RUmWIE%3D","ID","id","false","false"
"7375761331658818309","KPI.. Komisi Pembatasan Interaksi 👍","2024-06-02T04:41:18.000Z","0","0","id","7374321954217643281","false","7229947569568465926","rizky_idris_efendi1926","Rizky Idris Efendi 1926","https://www.tiktok.com/@rizky_idris_efendi1926","Selalu waspada dan Tampil Prima","https://p77-sign-va.tiktokcdn.com/tos-maliva-avt-0068/7f5bf17c5d8a47d52921752c154a0064~tplv-tiktokx-cropcenter-q:100:100:q70.heic?dr=9606&idc=no1a&ps=87d6e48a&refresh_token=98615046&s=COMMENT_LIST&sc=avatar&shcp=ff37627b&shp=30310797&t=223449c4&x-expires=1758960000&x-signature=EolJ4rbiYXDsn96hMY9sySeqGks%3D","ID","id","false","false"
"7374705771008885510","TAPERA g di bahas ni ?","2024-05-30T08:25:02.000Z","2","1","id","7374321954217643281","false","6958429926132810758","ekauye779","🔞","https://www.tiktok.com/@ekauye779","","https://p16-sign-va.tiktokcdn.com/tos-maliva-avt-0068/8630c05d607fe7504319b5c81b736884~tplv-tiktokx-cropcenter-q:100:100:q70.heic?dr=9606&idc=no1a&ps=87d6e48a&refresh_token=af4b19ff&s=COMMENT_LIST&sc=avatar&shcp=ff37627b&shp=30310797&t=223449c4&x-expires=1758960000&x-signature=6KgaextJUtZZgUZb8jUoxIYtWaY%3D","ID","id","false","false"
"7374833562439205638","cukup di WA saja😂😂😂","2024-05-30T16:40:59.000Z","2","0","id","7374321954217643281","false","6969132765582279682","ndarboygang69","Senchrs","https://www.tiktok.com/@ndarboygang69","","https://p16-sign-sg.tiktokcdn.com/tos-alisg-avt-0068/aa97760227078d01cdca7b31f721b6a9~tplv-tiktokx-cropcenter-q:100:100:q70.heic?dr=9606&idc=no1a&ps=87d6e48a&refresh_token=6b6bd135&s=COMMENT_LIST&sc=avatar&shcp=ff37627b&shp=30310797&t=223449c4&x-expires=1758960000&x-signature=%2BZeA9ba9KHYyO6X%2FwPXvwfhn3Ao%3D","ID","id","false","false"
"7375118665631646470","coki emang the best","2024-05-31T11:07:24.000Z","0","0","id","7374321954217643281","false","6770530976587613185","in_99_up","𝖆𝖐𝖚𝖓 𝖒𝖆𝖙𝖎","https://www.tiktok.com/@in_99_up","ingat ada yg lebih dari pada kamu","https://p77-sign-sg.tiktokcdn.com/tos-alisg-avt-0068/5bd02ff9b2fc343d8654446375f11da5~tplv-tiktokx-cropcenter-q:100:100:q70.heic?dr=9606&idc=no1a&ps=87d6e48a&refresh_token=6f31a563&s=COMMENT_LIST&sc=avatar&shcp=ff37627b&shp=30310797&t=223449c4&x-expires=1758960000&x-signature=iKBejE1upNno1jHhB1atE8KS%2Fh0%3D","ID","id","false","false"
"7374575866157810437","jika urusan pribadi mulai terganggu disitulah bakal angkat bicara, jika tidak terganggu semua diem aja","2024-05-30T00:00:59.000Z","0","0","id","7374321954217643281","false","6968805231480603649","muxzi_1756","minquee_","https://www.tiktok.com/@muxzi_1756","","https://p16-sign-sg.tiktokcdn.com/tos-alisg-avt-0068/0e3b4f4e08731125864f0f69a8d087ad~tplv-tiktokx-cropcenter-q:100:100:q70.heic?dr=9606&idc=no1a&ps=87d6e48a&refresh_token=e15de5d3&s=COMMENT_LIST&sc=avatar&shcp=ff37627b&shp=30310797&t=223449c4&x-expires=1758960000&x-signature=bIWem11tLvtRAzMBB9EXCg4Hxh0%3D","ID","id","false","false"
"7381907702903767814","om Ded makin lama makin lucu yaaa.....","2024-06-18T18:12:17.000Z","0","0","id","7374321954217643281","false","7133420500978451457","wildanfirdaus210696","BOJIL","https://www.tiktok.com/@wildanfirdaus210696","IG: wildanabdullahfirdaus
https://whatsapp.com/dl/
YT:@BOJILMELEK","https://p77-sign-va.tiktokcdn.com/tos-maliva-avt-0068/34593b526ec6fedb71431009080e1457~tplv-tiktokx-cropcenter-q:100:100:q70.heic?dr=9606&idc=no1a&ps=87d6e48a&refresh_token=4c105f55&s=COMMENT_LIST&sc=avatar&shcp=ff37627b&shp=30310797&t=223449c4&x-expires=1758960000&x-signature=ZH9GWjCzNxMvk27Q10RqwdsqWAc%3D","ID","id","false","false"
"7374552341226537734","bagus KPI🔥","2024-05-29T22:29:49.000Z","0","0","id","7374321954217643281","false","7169541050641122331","halu_commut","Bara Mahes","https://www.tiktok.com/@halu_commut","Hayalin aja dulu, Nanti kalo sudah sukses baru ambil","https://p19-common-sign-useastred.tiktokcdn-eu.com/tos-useast2a-avt-0068-giso/cbc69a91b02424552cc2071c0c976726~tplv-tiktokx-cropcenter-q:100:100:q70.heic?dr=9606&idc=no1a&ps=87d6e48a&refresh_token=da4b0c29&s=COMMENT_LIST&sc=avatar&shcp=ff37627b&shp=30310797&t=223449c4&x-expires=1758960000&x-signature=yBYCX2kT11DTn5DNK973KmBts3o%3D","ID","id","false","false"
"7374425184898581253","Ada yg sadar tapera itu asas komunisme ?","2024-05-29T14:16:15.000Z","0","1","ms","7374321954217643281","false","6864807833221776385","beefcurryomurice","👺👺👺👺👺👺👺👺👺👺👺👺👺👺👺","https://www.tiktok.com/@beefcurryomurice","","https://p16-sign-sg.tiktokcdn.com/tos-alisg-avt-0068/33ceffe4906fcd4583c846c7aa6694d6~tplv-tiktokx-cropcenter-q:100:100:q70.heic?dr=9606&idc=no1a&ps=87d6e48a&refresh_token=26202bfb&s=COMMENT_LIST&sc=avatar&shcp=ff37627b&shp=30310797&t=223449c4&x-expires=1758960000&x-signature=ljMGJS2uE3VuzfYfcXwkU1CI7j8%3D","ID","en","false","false"
"7374586069688271622","KPI suruhan siapa sih? DPR?","2024-05-30T00:40:39.000Z","0","0","id","7374321954217643281","false","6812949131448189953","cathyaqm","Aqmerilda","https://www.tiktok.com/@cathyaqm","","https://p19-common-sign-useastred.tiktokcdn-eu.com/tos-useast2a-avt-0068-giso/bb8c47e23726dee61591059cba3e3462~tplv-tiktokx-cropcenter-q:100:100:q70.heic?dr=9606&idc=no1a&ps=87d6e48a&refresh_token=3044fcc3&s=COMMENT_LIST&sc=avatar&shcp=ff37627b&shp=30310797&t=223449c4&x-expires=1758960000&x-signature=qlks%2F76YnY9GykL8Dl6UkJ4qEBY%3D","ID","id","false","false"
"7374569578833543942","hidup KPI 😂","2024-05-29T23:36:37.000Z","0","0","ms","7374321954217643281","false","6811697257331999746","luckyasmarahadi","Kecoa Laut","https://www.tiktok.com/@luckyasmarahadi","","https://p16-sign-sg.tiktokcdn.com/tos-alisg-avt-0068/857c5bd36281be7faa45a22cdfb12a34~tplv-tiktokx-cropcenter-q:100:100:q70.heic?dr=9606&idc=no1a&ps=87d6e48a&refresh_token=2f1c3889&s=COMMENT_LIST&sc=avatar&shcp=ff37627b&shp=30310797&t=223449c4&x-expires=1758960000&x-signature=IBi8iqO9OAbM5XkdscyanLKTupE%3D","ID","id","false","false"
"7374721967414575877","suarakan kebenaran","2024-05-30T09:27:52.000Z","2","0","id","7374321954217643281","false","6959485444048454661","aldikhoirunnasawe","aldikhoirunnasawe","https://www.tiktok.com/@aldikhoirunnasawe","","https://p77-sign-sg.tiktokcdn.com/tos-alisg-avt-0068/7335000055822155777~tplv-tiktokx-cropcenter-q:100:100:q70.heic?dr=9606&idc=no1a&ps=87d6e48a&refresh_token=329e075d&s=COMMENT_LIST&sc=avatar&shcp=ff37627b&shp=30310797&t=223449c4&x-expires=1758960000&x-signature=S49njZZ8GmHjfyX4fQhECGv3X3Q%3D","ID","id","false","false"
"7374630695765377797","pas nyebut kasus langsung meledagh🗿","2024-05-30T04:38:33.000Z","0","0","id","7374321954217643281","false","6931686846586340354","scrollgirls","Ember48","https://www.tiktok.com/@scrollgirls","You like it? keep for yourself","https://p77-sign-sg.tiktokcdn.com/tos-alisg-avt-0068/17fc081a4fdba23b2fa04ffc4bd951c3~tplv-tiktokx-cropcenter-q:100:100:q70.heic?dr=9606&idc=no1a&ps=87d6e48a&refresh_token=fb08f8d2&s=COMMENT_LIST&sc=avatar&shcp=ff37627b&shp=30310797&t=223449c4&x-expires=1758960000&x-signature=3uJCEUZYnIjh4CHEQQO1Mo%2BkV1w%3D","ID","id","false","false"
"7374994869159428869","KPI sepi bang gada pemasukan","2024-05-31T03:07:00.000Z","0","0","id","7374321954217643281","false","6967344045690356738","pharjoechancer94","pharjoechancer94","https://www.tiktok.com/@pharjoechancer94","cek out keranjang kuning","https://p19-common-sign-useastred.tiktokcdn-eu.com/tos-useast2a-avt-0068-giso/ef9b9f6c17f3802a2d1f01d52c4d36d8~tplv-tiktokx-cropcenter-q:100:100:q70.heic?dr=9606&idc=no1a&ps=87d6e48a&refresh_token=9a228a6f&s=COMMENT_LIST&sc=avatar&shcp=ff37627b&shp=30310797&t=223449c4&x-expires=1758960000&x-signature=M%2FodX8DLl2amHlAhIjmTAUlvJ3g%3D","ID","id","false","false"
"7374572919345349382","SpongeBob di sensor wkwkwkwk","2024-05-29T23:49:34.000Z","16","3","id","7374321954217643281","false","7203181228869190682","abcdavyyy","abcdavyyy","https://www.tiktok.com/@abcdavyyy","","https://p77-sign-va.tiktokcdn.com/musically-maliva-obj/1594805258216454~tplv-tiktokx-cropcenter-q:100:100:q70.heic?dr=9606&idc=no1a&ps=87d6e48a&refresh_token=d1113c19&s=COMMENT_LIST&sc=avatar&shcp=ff37627b&shp=30310797&t=223449c4&x-expires=1758960000&x-signature=WAHDgLaqnlZKvRrHkeKg1n8MZSA%3D","ID","id","false","false"
"7378480171055121157","youtube n tiktok : emang lu siapa ??","2024-06-09T12:31:37.000Z","0","0","id","7374321954217643281","false","6553493717863432193","thaathaaaathaaaaaa","★✮ 🎀 nii-thaaaa 🎀✮★","https://www.tiktok.com/@thaathaaaathaaaaaa","akun di ambil alih 🥰","https://p16-sign-va.tiktokcdn.com/tos-maliva-avt-0068/f77a51cf599d341eaba7835a1ad386b7~tplv-tiktokx-cropcenter-q:100:100:q70.heic?dr=9606&idc=no1a&ps=87d6e48a&refresh_token=eb46e24c&s=COMMENT_LIST&sc=avatar&shcp=ff37627b&shp=30310797&t=223449c4&x-expires=1758960000&x-signature=zS76Wxk6cWY66HJOyT3Fxr9eDzc%3D","ID","id","false","false"
"7375132451200795397","What if kominfo kpi hilang,apa yg terjadi?","2024-05-31T12:00:47.000Z","0","0","id","7374321954217643281","false","7288326820071588865","bang_rp01","bang_rp01","https://www.tiktok.com/@bang_rp01","","https://p16-sign-va.tiktokcdn.com/tos-maliva-avt-0068/b50e02723a5ba86162d2c390643bc0f5~tplv-tiktokx-cropcenter-q:100:100:q70.heic?dr=9606&idc=no1a&ps=87d6e48a&refresh_token=1429667f&s=COMMENT_LIST&sc=avatar&shcp=ff37627b&shp=30310797&t=223449c4&x-expires=1758960000&x-signature=xX8jq8iOTZF2D08wf%2Bu02Syh%2BvQ%3D","ID","id","false","false"
"7374818191966814982","keknya TV ntar isinya semut doang dah klo gini🗿","2024-05-30T15:41:16.000Z","0","0","id","7374321954217643281","false","6752643188480033793","no.body___0","No•Body√","https://www.tiktok.com/@no.body___0","-","https://p16-sign-sg.tiktokcdn.com/tos-alisg-avt-0068/38a098f9667ef7a7b30bda1b29b17415~tplv-tiktokx-cropcenter-q:100:100:q70.heic?dr=9606&idc=no1a&ps=87d6e48a&refresh_token=91eb1c20&s=COMMENT_LIST&sc=avatar&shcp=ff37627b&shp=30310797&t=223449c4&x-expires=1758960000&x-signature=daUmHcQD2vu7PYME%2B6Gx1Hno4hU%3D","ID","id","false","false"
"7374562400241107729","ketawa aja gua mah🤣🤣🤣","2024-05-29T23:09:11.000Z","2","0","id","7374321954217643281","false","7197392059182646299","faizura_8","faizuraa","https://www.tiktok.com/@faizura_8","","https://p16-sign-sg.tiktokcdn.com/tos-alisg-avt-0068/8d23df478f245b2d95e17508aa40e09b~tplv-tiktokx-cropcenter-q:100:100:q70.heic?dr=9606&idc=no1a&ps=87d6e48a&refresh_token=b1fe52db&s=COMMENT_LIST&sc=avatar&shcp=ff37627b&shp=30310797&t=223449c4&x-expires=1758960000&x-signature=if4IPLodKDZwVPCzbemIn5QU12g%3D","MY","en","false","false"
"7374481224104084240","@Tulus🦞KPI Pusat 📡 kasi paham mereka om wkwkwk","2024-05-29T17:53:42.000Z","0","0","id","7374321954217643281","false","6829757360283862018","rizkyafebriana","kay","https://www.tiktok.com/@rizkyafebriana","keepin' it real, innit?","https://p77-sign-va-lite.tiktokcdn.com/tos-maliva-avt-0068/51df4cf93c14e5f7011bce2ad0737bab~tplv-tiktokx-cropcenter-q:100:100:q70.heic?dr=9606&idc=no1a&ps=87d6e48a&refresh_token=61eeeffa&s=COMMENT_LIST&sc=avatar&shcp=ff37627b&shp=30310797&t=223449c4&x-expires=1758960000&x-signature=9wj8REDH37NImoz2SnREP1oGLWg%3D","ID","id","false","false"
"7374609243703804677","siapa yg mengawasi kpi","2024-05-30T03:13:06.000Z","0","0","id","7374321954217643281","false","6976758033872487425","guniesjuli","Gunies Juli","https://www.tiktok.com/@guniesjuli","","https://p19-common-sign-useastred.tiktokcdn-eu.com/tos-useast2a-avt-0068-giso/157a7d9f39a21571f25b3aa5ce9e959f~tplv-tiktokx-cropcenter-q:100:100:q70.heic?dr=9606&idc=no1a&ps=87d6e48a&refresh_token=3faf973f&s=COMMENT_LIST&sc=avatar&shcp=ff37627b&shp=30310797&t=223449c4&x-expires=1758960000&x-signature=uZJPvmHBnLNrxvJ0%2BArw3ft%2Bxm8%3D","ID","id","false","false"
"7374736421897536261","kpi kocak😂😂😂","2024-05-30T10:24:05.000Z","6","0","id","7374321954217643281","false","7355021670639502337","kzza.6","KZZA","https://www.tiktok.com/@kzza.6","semua kebutuhan kita ada di showcase. silahkan di klik","https://p77-sign-sg.tiktokcdn.com/tos-alisg-avt-0068/2f2dcf66678dff20af2ba01de2bccb77~tplv-tiktokx-cropcenter-q:100:100:q70.heic?dr=9606&idc=no1a&ps=87d6e48a&refresh_token=db5eedc6&s=COMMENT_LIST&sc=avatar&shcp=ff37627b&shp=30310797&t=223449c4&x-expires=1758960000&x-signature=rLMbeo2Kbaa9WdVuO2P2w3oYU%2BQ%3D","ID","id","false","false"
"7374479264237191969","katanya pro status quo","2024-05-29T17:46:21.000Z","0","0","id","7374321954217643281","false","6835632348845114369","sotokadipiro","satya","https://www.tiktok.com/@sotokadipiro","","https://p16-pu-sign-no.tiktokcdn-eu.com/tos-no1a-avt-0068c001-no/5e9fa1f3cb4b6196a33619fb48acd995~tplv-tiktokx-cropcenter-q:100:100:q70.heic?dr=9606&idc=no1a&ps=87d6e48a&refresh_token=2284e893&s=COMMENT_LIST&sc=avatar&shcp=ff37627b&shp=30310797&t=223449c4&x-expires=1758960000&x-signature=VJVVMLx217B61%2FsSWmGQHY6e5sc%3D","ID","en","false","false"
"7374488001852130054","emg undang² yg menurut mereka bermasalah pasal brp aja sih, serius nanya","2024-05-29T18:19:59.000Z","7","5","id","7374321954217643281","false","6886607898702873601","a7xdika","dika","https://www.tiktok.com/@a7xdika","lst","https://p16-sign-sg.tiktokcdn.com/tos-alisg-avt-0068/4914e1e041875531d8a769cfae509f86~tplv-tiktokx-cropcenter-q:100:100:q70.heic?dr=9606&idc=no1a&ps=87d6e48a&refresh_token=765cd19d&s=COMMENT_LIST&sc=avatar&shcp=ff37627b&shp=30310797&t=223449c4&x-expires=1758960000&x-signature=UB0irn6TaimTnmSTcbUiXaT%2FXoU%3D","ID","id","false","false"
"7374614268753593094","bisa aja YouTube angkat kaki dari Indonesia","2024-05-30T02:30:10.000Z","0","0","id","7374321954217643281","false","7190968518460310529","puuutrraaaa","putra","https://www.tiktok.com/@puuutrraaaa","Pecinta kucing khusus betina","https://p77-sign-sg.tiktokcdn.com/tos-alisg-avt-0068/75937df63d21411d1a0a00392df6a93e~tplv-tiktokx-cropcenter-q:100:100:q70.heic?dr=9606&idc=no1a&ps=87d6e48a&refresh_token=2e75b71a&s=COMMENT_LIST&sc=avatar&shcp=ff37627b&shp=30310797&t=223449c4&x-expires=1758960000&x-signature=nfBCtAmPSqWWi9GZsVMv7lsNn6s%3D","ID","id","false","false"
"7374915056335930118","gimana kalau sekali2 masyarakat yg buat aturan dan pemerintah yg ngikutin??","2024-05-30T21:57:21.000Z","0","0","id","7374321954217643281","false","7126732494943355905","gingsul_beru4ng","LuLuA","https://www.tiktok.com/@gingsul_beru4ng","","https://p16-sign-sg.tiktokcdn.com/tos-alisg-avt-0068/62a8f657e4749801f08413cbb46e8cd9~tplv-tiktokx-cropcenter-q:100:100:q70.heic?dr=9606&idc=no1a&ps=87d6e48a&refresh_token=d3f5f8d1&s=COMMENT_LIST&sc=avatar&shcp=ff37627b&shp=30310797&t=223449c4&x-expires=1758960000&x-signature=1s62FBelRYVL7eGm8V4PDylYPOg%3D","ID","id","false","false"
"7374587622545064709","podkes apapun yg ada coki nya auto menyalaa🔥","2024-05-30T00:46:38.000Z","0","0","id","7374321954217643281","false","7012103943229735937",".fthrrhmnn_","SuperPatra","https://www.tiktok.com/@.fthrrhmnn_","ada yang bisa saya bantu?","https://p16-sign-va.tiktokcdn.com/tos-maliva-avt-0068/7837daf39b419d7d55ef7fdea233293f~tplv-tiktokx-cropcenter-q:100:100:q70.heic?dr=9606&idc=no1a&ps=87d6e48a&refresh_token=f68d0244&s=COMMENT_LIST&sc=avatar&shcp=ff37627b&shp=30310797&t=223449c4&x-expires=1758960000&x-signature=i6LI6PE9hiBdceeTb1l9zyL0Xsk%3D","ID","id","false","false"
"7374585221462049541","intinya dmana ada peraturan dsitu ada bisnis 🤝🗿","2024-05-30T00:37:25.000Z","0","0","id","7374321954217643281","false","6798887327165056002","panjoellyee","Kajoel","https://www.tiktok.com/@panjoellyee","yakk itu dia","https://p16-sign-sg.tiktokcdn.com/tos-alisg-avt-0068/269e8ed000fe49d0464ea4f70a1cc3bb~tplv-tiktokx-cropcenter-q:100:100:q70.heic?dr=9606&idc=no1a&ps=87d6e48a&refresh_token=7ff3c086&s=COMMENT_LIST&sc=avatar&shcp=ff37627b&shp=30310797&t=223449c4&x-expires=1758960000&x-signature=xHxnjTllsS%2FNQDED9g7lKIdcTn0%3D","ID","id","false","false"
"7374457377150337797","kp* lagi kurang dana","2024-05-29T16:21:10.000Z","0","0","id","7374321954217643281","false","7296856903396082694","ascoteng","ascoteng","https://www.tiktok.com/@ascoteng","","https://p16-sign-va.tiktokcdn.com/tos-maliva-avt-0068/159a47fe11b53ae158c259ed9b28d06c~tplv-tiktokx-cropcenter-q:100:100:q70.heic?dr=9606&idc=no1a&ps=87d6e48a&refresh_token=0ad6fca1&s=COMMENT_LIST&sc=avatar&shcp=ff37627b&shp=30310797&t=223449c4&x-expires=1758960000&x-signature=TBbitzAyvaY5ff6zvFWGcrxEZ3U%3D","ID","id","false","false"
"7374404624265315077","intinya pajak lagi.. ahhh sudah lah","2024-05-29T12:56:31.000Z","62","0","id","7374321954217643281","false","7089725674579100699","proxywar101","ProxyWar101","https://www.tiktok.com/@proxywar101","ig.heddy_auto","https://p16-sign-sg.tiktokcdn.com/tos-alisg-avt-0068/61cf16cd77d55ce6e3821797f98509e7~tplv-tiktokx-cropcenter-q:100:100:q70.heic?dr=9606&idc=no1a&ps=87d6e48a&refresh_token=650fb372&s=COMMENT_LIST&sc=avatar&shcp=ff37627b&shp=30310797&t=223449c4&x-expires=1758960000&x-signature=3tmXZWAqEpLwp6PV1xtoKVF6G9Y%3D","ID","id","false","false"
"7374474393383109381","negara mana tuh bang?","2024-05-29T17:27:13.000Z","0","0","id","7374321954217643281","false","6936581452642632705","phoneglyph","syrf","https://www.tiktok.com/@phoneglyph","Hidup itu melawan arus, hanya sampah dan ikan mati yang ikut arus.","https://p16-sign-sg.tiktokcdn.com/tos-alisg-avt-0068/cbe2995477bdc015b8893b6bee9359c8~tplv-tiktokx-cropcenter-q:100:100:q70.heic?dr=9606&idc=no1a&ps=87d6e48a&refresh_token=8b47b6fc&s=COMMENT_LIST&sc=avatar&shcp=ff37627b&shp=30310797&t=223449c4&x-expires=1758960000&x-signature=XsKI78lASYh1FIMUSgnkcE5Ijrk%3D","ID","id","false","false"
"7374576062535582469","lama lama apa apa dibatasi","2024-05-30T00:01:43.000Z","2","0","id","7374321954217643281","false","7000598616894555162","user5617555317963","Ji-Xenie","https://www.tiktok.com/@user5617555317963","","https://p16-sign-sg.tiktokcdn.com/tos-alisg-avt-0068/2557d4a6eb9c6fa59d37f81b7d55ab73~tplv-tiktokx-cropcenter-q:100:100:q70.heic?dr=9606&idc=no1a&ps=87d6e48a&refresh_token=6e011bbf&s=COMMENT_LIST&sc=avatar&shcp=ff37627b&shp=30310797&t=223449c4&x-expires=1758960000&x-signature=U7MxKH0qBO1FxY1eSDke5bK4Fvc%3D","ID","id","false","false"
"7374707423829476101","kapan lagi bersatu menghilangkan bayangan gelap 😅","2024-05-30T09:18:13.000Z","2","0","id","7374321954217643281","false","6921949579432838145","mati_tertunduk","Epen 25","https://www.tiktok.com/@mati_tertunduk","","https://p16-sign-sg.tiktokcdn.com/tos-alisg-avt-0068/924b519ede675044468fcefede14f89a~tplv-tiktokx-cropcenter-q:100:100:q70.heic?dr=9606&idc=no1a&ps=87d6e48a&refresh_token=b1eff799&s=COMMENT_LIST&sc=avatar&shcp=ff37627b&shp=30310797&t=223449c4&x-expires=1758960000&x-signature=MiI3ThF%2BGamC8pecSzT0fzH1zHg%3D","ID","id","false","false"
"7374429780890305285","mantap kpi","2024-05-29T14:34:01.000Z","0","0","id","7374321954217643281","false","6982855607766975490","trunks1411999","afawaid11","https://www.tiktok.com/@trunks1411999","milik Allah swt","https://p16-sign-va.tiktokcdn.com/tos-maliva-avt-0068/7b083b33a7272f563bee9b91c4bc4ede~tplv-tiktokx-cropcenter-q:100:100:q70.heic?dr=9606&idc=no1a&ps=87d6e48a&refresh_token=e005e4fc&s=COMMENT_LIST&sc=avatar&shcp=ff37627b&shp=30310797&t=223449c4&x-expires=1758960000&x-signature=114%2FZLsuQzCmRsXF%2FKaXNO4gKQo%3D","ID","id","false","false"
"7374565273564922629","""dimana titik tidak masuk akalnya""","2024-05-29T23:19:53.000Z","0","0","id","7374321954217643281","false","6866256419810509825","numbereight_08","NumberEight","https://www.tiktok.com/@numbereight_08","Ig @numbereight_08
FB Numbereight 08
X @NumberEight_8
Yt @numbereight3217","https://p16-sign-sg.tiktokcdn.com/tos-alisg-avt-0068/7321812959691931649~tplv-tiktokx-cropcenter-q:100:100:q70.heic?dr=9606&idc=no1a&ps=87d6e48a&refresh_token=c6fd183c&s=COMMENT_LIST&sc=avatar&shcp=ff37627b&shp=30310797&t=223449c4&x-expires=1758960000&x-signature=JjZVT%2Fo9pJVF0vAL1ukTmSOtCwM%3D","ID","id","false","false"
"7374464504631100166","youber bikin audisi nyanyi ajahhh","2024-05-29T16:48:46.000Z","0","0","id","7374321954217643281","false","7019616503080666114","imansyah657","imansyah","https://www.tiktok.com/@imansyah657","nggremeng rebahan","https://p16-sign-sg.tiktokcdn.com/tos-alisg-avt-0068/7326522252126584834~tplv-tiktokx-cropcenter-q:100:100:q70.heic?dr=9606&idc=no1a&ps=87d6e48a&refresh_token=95241bea&s=COMMENT_LIST&sc=avatar&shcp=ff37627b&shp=30310797&t=223449c4&x-expires=1758960000&x-signature=JPu%2FFDwuItd46QxwdSJvsZ5dIiQ%3D","ID","id","false","false"
"7374562800872063749","paman choky memaasaakkkk KPI 🤪🔥","2024-05-29T23:10:20.000Z","18","0","id","7374321954217643281","false","7025845670280659970","erwansyah2103","IrengMen92","https://www.tiktok.com/@erwansyah2103","Melawan Dunia Tanpa Tutor 😎🤏🏻","https://p16-sign-sg.tiktokcdn.com/tos-alisg-avt-0068/1c7410b05fd1612dd9b0f2adf064f374~tplv-tiktokx-cropcenter-q:100:100:q70.heic?dr=9606&idc=no1a&ps=87d6e48a&refresh_token=4245014b&s=COMMENT_LIST&sc=avatar&shcp=ff37627b&shp=30310797&t=223449c4&x-expires=1758960000&x-signature=yO982q9jUIIgdkbmNzRCw0Tv8Tg%3D","ID","id","false","false"
"7374376256228033286","tertawalah sebelum tertawa itu di larang","2024-05-29T11:06:25.000Z","5","0","id","7374321954217643281","false","7312474728911782918","1vibe35","one vibe","https://www.tiktok.com/@1vibe35","mencoba menjadi lebih baik","https://p16-sign-sg.tiktokcdn.com/tos-alisg-avt-0068/d3e4455abff8afb011da10a69011f16f~tplv-tiktokx-cropcenter-q:100:100:q70.heic?dr=9606&idc=no1a&ps=87d6e48a&refresh_token=f79bfb0d&s=COMMENT_LIST&sc=avatar&shcp=ff37627b&shp=30310797&t=223449c4&x-expires=1758960000&x-signature=6Kp1tmGgpEFZD2asNSGptbeExMI%3D","ID","id","false","false"
"7374430841155552006","yt indo udah adsense ny kecil, pengen diperketat lagi🗿","2024-05-29T14:38:09.000Z","1","0","id","7374321954217643281","false","6757527901397632001","gswfff","lukamagic","https://www.tiktok.com/@gswfff","","https://p16-sign-sg.tiktokcdn.com/tos-alisg-avt-0068/7335397184977764372~tplv-tiktokx-cropcenter-q:100:100:q70.heic?dr=9606&idc=no1a&ps=87d6e48a&refresh_token=c54af0f3&s=COMMENT_LIST&sc=avatar&shcp=ff37627b&shp=30310797&t=223449c4&x-expires=1758960000&x-signature=F99TAlPDVomVvIAT46xE5UvtdEg%3D","ID","id","false","false"
"7549611917565084434","🥰","2025-09-13T16:30:08.000Z","0","0","un","7374321954217643281","false","7351410071995843589","asep.tian25","Asep Tian","https://www.tiktok.com/@asep.tian25","","https://p16-sign-va.tiktokcdn.com/tos-maliva-avt-0068/971df0c003733ad44991c28a92df2360~tplv-tiktokx-cropcenter-q:100:100:q70.heic?dr=9606&idc=no1a&ps=87d6e48a&refresh_token=e5af780c&s=COMMENT_LIST&sc=avatar&shcp=ff37627b&shp=30310797&t=223449c4&x-expires=1758960000&x-signature=6CTm8Yj7xM0yRgqljMCxUL%2B8Ffw%3D","ID","id","false","false"
"7548797606979486471","😂","2025-09-11T11:50:18.000Z","0","0","un","7374321954217643281","false","7427443984357753861","rossi.adam","Rosi el.","https://www.tiktok.com/@rossi.adam","","https://p16-sign-sg.tiktokcdn.com/tos-alisg-avt-0068/2bbe1c7989c71eeb44673b734012dc5d~tplv-tiktokx-cropcenter-q:100:100:q70.heic?dr=9606&idc=no1a&ps=87d6e48a&refresh_token=81398797&s=COMMENT_LIST&sc=avatar&shcp=ff37627b&shp=30310797&t=223449c4&x-expires=1758960000&x-signature=VVq2G%2F8XQgZehSsbebxFujdLYZE%3D","ID","id","false","false"
"7548376299359912725","😂","2025-09-10T08:35:24.000Z","0","0","un","7374321954217643281","false","7464210756800644113","ogekpratama0","ogekpratama0","https://www.tiktok.com/@ogekpratama0","","https://p77-sign-sg.tiktokcdn.com/tos-alisg-avt-0068/9bb15cd3894d79634a0ac42087bf3e38~tplv-tiktokx-cropcenter-q:100:100:q70.heic?dr=9606&idc=no1a&ps=87d6e48a&refresh_token=38f77ac5&s=COMMENT_LIST&sc=avatar&shcp=ff37627b&shp=30310797&t=223449c4&x-expires=1758960000&x-signature=197MP4o42HW%2BGrfl7cXb8NWY32c%3D","ID","id","false","false"
"7546680467912835848","👍","2025-09-05T18:54:44.000Z","0","0","un","7374321954217643281","false","7406662206916772880","rikona02","Abimana/8🦂💔","https://www.tiktok.com/@rikona02","Ali","https://p16-sign-sg.tiktokcdn.com/tos-alisg-avt-0068/01e6f5765a1866335d5c38c8548caa88~tplv-tiktokx-cropcenter-q:100:100:q70.heic?dr=9606&idc=no1a&ps=87d6e48a&refresh_token=a04d641a&s=COMMENT_LIST&sc=avatar&shcp=ff37627b&shp=30310797&t=223449c4&x-expires=1758960000&x-signature=BsDL7c3Hv0lyuoIw5ufkNZp0qoQ%3D","ID","id","false","false"
"7545493878217605906","😁","2025-09-02T14:10:02.000Z","0","0","un","7374321954217643281","false","6856054827626972162","bayupratama4191","Bayupratama","https://www.tiktok.com/@bayupratama4191","","https://p77-sign-sg.tiktokcdn.com/tos-alisg-avt-0068/2cfe2a576b5bc07e997db7ba8325cb67~tplv-tiktokx-cropcenter-q:100:100:q70.heic?dr=9606&idc=no1a&ps=87d6e48a&refresh_token=5038975f&s=COMMENT_LIST&sc=avatar&shcp=ff37627b&shp=30310797&t=223449c4&x-expires=1758960000&x-signature=Mj3pzSpXb3IZbcMzhtMs26LyKe8%3D","ID","id","false","false"
"7543514040238179090","🥺","2025-08-28T06:07:19.000Z","0","0","un","7374321954217643281","false","7390305217365263365","johanes.jaime","JOHANES","https://www.tiktok.com/@johanes.jaime","","https://p16-sign-sg.tiktokcdn.com/tos-alisg-avt-0068/f699c64f5410cdeb843c02517757f577~tplv-tiktokx-cropcenter-q:100:100:q70.heic?dr=9606&idc=no1a&ps=87d6e48a&refresh_token=8a18c5ab&s=COMMENT_LIST&sc=avatar&shcp=ff37627b&shp=30310797&t=223449c4&x-expires=1758960000&x-signature=V5gX7ygTkE0w5QJaNuxcL%2BPczxI%3D","ID","id","false","false"
"7542733301217493767","💔","2025-08-26T03:37:38.000Z","0","0","un","7374321954217643281","false","6969504705774355457","batasadzim","baaaa","https://www.tiktok.com/@batasadzim","siapa hayoo","https://p16-sign-sg.tiktokcdn.com/tos-alisg-avt-0068/b1c3d4b45f3c4fe2ef618b4848389322~tplv-tiktokx-cropcenter-q:100:100:q70.heic?dr=9606&idc=no1a&ps=87d6e48a&refresh_token=f0056ae3&s=COMMENT_LIST&sc=avatar&shcp=ff37627b&shp=30310797&t=223449c4&x-expires=1758960000&x-signature=zdXvKgUAhiENTrU9LLISGg3FA5Y%3D","ID","id","false","false"
"7536164918001861394","🥰","2025-08-08T10:48:54.000Z","0","0","un","7374321954217643281","false","7103288234076472321","inr.kriyy","♦NR♦Kriyy✓","https://www.tiktok.com/@inr.kriyy","","https://p77-sign-sg.tiktokcdn.com/tos-alisg-avt-0068/06a8950fc1acd029e80546be9b4f5d99~tplv-tiktokx-cropcenter-q:100:100:q70.heic?dr=9606&idc=no1a&ps=87d6e48a&refresh_token=8a512bc6&s=COMMENT_LIST&sc=avatar&shcp=ff37627b&shp=30310797&t=223449c4&x-expires=1758960000&x-signature=gnyxbNb6%2Fh7gzAhVwXdQ1m0DFdM%3D","ID","id","false","false"
"7528417815503553288","😁","2025-07-18T13:46:11.000Z","0","0","un","7374321954217643281","false","7382945278955684869","kenal.di.a","kenal di a","https://www.tiktok.com/@kenal.di.a","","https://p16-sign-va.tiktokcdn.com/tos-maliva-avt-0068/7386234182319964165~tplv-tiktokx-cropcenter-q:100:100:q70.heic?dr=9606&idc=no1a&ps=87d6e48a&refresh_token=81eb38bd&s=COMMENT_LIST&sc=avatar&shcp=ff37627b&shp=30310797&t=223449c4&x-expires=1758960000&x-signature=w9pfxg%2F9Fwq8AMTZWeAzZ7QNbsw%3D","ID","id","false","false"
"7525139239434715912","😳","2025-07-09T17:43:43.000Z","0","0","un","7374321954217643281","false","7248300651255432193","kepler2160","kepler21","https://www.tiktok.com/@kepler2160","","https://p16-sign-va.tiktokcdn.com/tos-maliva-avt-0068/7252680517202968581~tplv-tiktokx-cropcenter-q:100:100:q70.heic?dr=9606&idc=no1a&ps=87d6e48a&refresh_token=785989dd&s=COMMENT_LIST&sc=avatar&shcp=ff37627b&shp=30310797&t=223449c4&x-expires=1758960000&x-signature=imtqPVaXnSAq5m2zA73w%2FPK7z3w%3D","ID","id","false","false"
"7525112363784930066","😁","2025-07-09T15:59:21.000Z","0","0","un","7374321954217643281","false","7248300651255432193","kepler2160","kepler21","https://www.tiktok.com/@kepler2160","","https://p16-sign-va.tiktokcdn.com/tos-maliva-avt-0068/7252680517202968581~tplv-tiktokx-cropcenter-q:100:100:q70.heic?dr=9606&idc=no1a&ps=87d6e48a&refresh_token=785989dd&s=COMMENT_LIST&sc=avatar&shcp=ff37627b&shp=30310797&t=223449c4&x-expires=1758960000&x-signature=imtqPVaXnSAq5m2zA73w%2FPK7z3w%3D","ID","id","false","false"
"7396280360877884166","😅","2024-07-27T11:46:39.000Z","0","0","un","7374321954217643281","false","6987815165626827778","sartonogedang","Harahap","https://www.tiktok.com/@sartonogedang","","https://p16-sign-va.tiktokcdn.com/tos-maliva-avt-0068/b8b6bb1570e3fa59ea94ccee10353198~tplv-tiktokx-cropcenter-q:100:100:q70.heic?dr=9606&idc=no1a&ps=87d6e48a&refresh_token=3f229c6d&s=COMMENT_LIST&sc=avatar&shcp=ff37627b&shp=30310797&t=223449c4&x-expires=1758960000&x-signature=Ed9kXElQvNoYpxKph0qcIsDKHRg%3D","MY","id","false","false"
"7378597577288581894","@komisi penyiaran indonesia menyala bangeddddd dah 🔥🔥🔥😭😭😭 awokawokawok","2024-06-09T20:07:23.000Z","0","0","id","7374321954217643281","false","7161121281969619994","d3yon","d3yon","https://www.tiktok.com/@d3yon","Hi I'm Rubinson","https://p77-sign-sg.tiktokcdn.com/tos-alisg-avt-0068/1f83949ed378ea63fffe27de7de52a46~tplv-tiktokx-cropcenter-q:100:100:q70.heic?dr=9606&idc=no1a&ps=87d6e48a&refresh_token=d8098432&s=COMMENT_LIST&sc=avatar&shcp=ff37627b&shp=30310797&t=223449c4&x-expires=1758960000&x-signature=uL%2FHQY8%2BpjOkqB8MFS%2BuyJaEYPQ%3D","ID","id","false","false"
"7375049424580576006","😂😂😂","2024-05-31T06:38:40.000Z","0","0","un","7374321954217643281","false","7213294448196289537","rivalvaldii","Mochammad Rivaldi","https://www.tiktok.com/@rivalvaldii","♍️","https://p16-sign-sg.tiktokcdn.com/tos-alisg-avt-0068/4bf9a1b7ecaf860166e87ffbe02e903c~tplv-tiktokx-cropcenter-q:100:100:q70.heic?dr=9606&idc=no1a&ps=87d6e48a&refresh_token=1f28ddea&s=COMMENT_LIST&sc=avatar&shcp=ff37627b&shp=30310797&t=223449c4&x-expires=1758960000&x-signature=d%2FgDgZiPEi5CwmUIHl8FLZKKyMA%3D","ID","id","false","false"
"7374607854801584902","@꫞RIYAN bukan RIAN꫞","2024-05-30T02:05:05.000Z","0","0","un","7374321954217643281","false","7010235545986565146","bobparley__","KRIBO-16","https://www.tiktok.com/@bobparley__","-Fortis Solus stabit.","https://p16-sign-sg.tiktokcdn.com/tos-alisg-avt-0068/26f5684e77c9c8413c14bc4b048892d4~tplv-tiktokx-cropcenter-q:100:100:q70.heic?dr=9606&idc=no1a&ps=87d6e48a&refresh_token=44c4e748&s=COMMENT_LIST&sc=avatar&shcp=ff37627b&shp=30310797&t=223449c4&x-expires=1758960000&x-signature=XnjivGLvGhxoIiI24YSTN3nMMZQ%3D","ID","id","false","false"
"7374386140999107334","👍","2024-05-29T11:44:46.000Z","0","0","un","7374321954217643281","false","6833551472157262849","xxyz.io","xxyz.io","https://www.tiktok.com/@xxyz.io","","https://p16-sign-va.tiktokcdn.com/tos-maliva-avt-0068/9326bb075ab4e5f461f7f743a4af7bfa~tplv-tiktokx-cropcenter-q:100:100:q70.heic?dr=9606&idc=no1a&ps=87d6e48a&refresh_token=3c892252&s=COMMENT_LIST&sc=avatar&shcp=ff37627b&shp=30310797&t=223449c4&x-expires=1758960000&x-signature=WJmBq9oYAE%2B6NfnBqELtY6bU9xM%3D","ID","id","false","false"
"7374415109803229957","kpi ini yg rapar di dpr minta anggaran di tmbah itu ya 🙃🙃🙃🙃?","2024-05-29T13:37:13.000Z","5","2","id","7374321954217643281","true","7251965653635728385","jalan_panjang25","JALANAN","https://www.tiktok.com/@jalan_panjang25","","https://p77-sign-sg.tiktokcdn.com/tos-alisg-avt-0068/ba6620651d6dad5bb73e20ae18cda5e7~tplv-tiktokx-cropcenter-q:100:100:q70.heic?dr=9606&idc=no1a&ps=87d6e48a&refresh_token=d422c381&s=COMMENT_LIST&sc=avatar&shcp=ff37627b&shp=30310797&t=223449c4&x-expires=1758960000&x-signature=BGuiPJ4g9M4niP9zDlS9Iml%2FTFk%3D","ID","id","false","false"
"7374492942101332742","sebenarnya ada plus minusnya tentang RUU ini, klo liat minus nya sih banyak juga. kadang konten creator buat konten yang menjadi contoh buruk bagi anak-anak kecil. mulai dari penggunaan segi bahasa yang akhirnya di tiru. seharusnya lebih memperhatikan aturan tayang untuk usia aja sih","2024-05-29T18:39:15.000Z","0","1","id","7374321954217643281","false","7328852436771292166","smiltvnews","SMIL TV news","https://www.tiktok.com/@smiltvnews","Update Now","https://p16-sign-va.tiktokcdn.com/tos-maliva-avt-0068/cdc49d9ce20ba342620a3f3a7789016d~tplv-tiktokx-cropcenter-q:100:100:q70.heic?dr=9606&idc=no1a&ps=87d6e48a&refresh_token=f5d96908&s=COMMENT_LIST&sc=avatar&shcp=ff37627b&shp=30310797&t=223449c4&x-expires=1758960000&x-signature=XFk6k7Vma6LzUg6V%2F0KPbUh4pJw%3D","ID","id","false","false"
"7385969434143752966","Para konten kreator ketar ketir nih","2024-06-29T16:53:49.000Z","0","0","id","7374321954217643281","false","7256001978273956870","magistra464","Magistra","https://www.tiktok.com/@magistra464","","https://p16-sign-va.tiktokcdn.com/tos-maliva-avt-0068/dfec1fa0decd78f450b72f514c184a54~tplv-tiktokx-cropcenter-q:100:100:q70.heic?dr=9606&idc=no1a&ps=87d6e48a&refresh_token=4ac450f5&s=COMMENT_LIST&sc=avatar&shcp=ff37627b&shp=30310797&t=223449c4&x-expires=1758960000&x-signature=%2BgyLDpFS0qW8nDxaxeknc9%2FAEGY%3D","ID","en","false","false"
"7375325075459556101","kpi tapera terus apalagi kelanjutan selanjutannya
oke gas ?🤣","2024-06-01T00:28:22.000Z","0","0","id","7374321954217643281","false","6874642317644055554","nazriel607","user1452399317332","https://www.tiktok.com/@nazriel607","","https://p77-sign-va.tiktokcdn.com/musically-maliva-obj/1594805258216454~tplv-tiktokx-cropcenter-q:100:100:q70.heic?dr=9606&idc=no1a&ps=87d6e48a&refresh_token=d1113c19&s=COMMENT_LIST&sc=avatar&shcp=ff37627b&shp=30310797&t=223449c4&x-expires=1758960000&x-signature=WAHDgLaqnlZKvRrHkeKg1n8MZSA%3D","ID","id","false","false"
"7374967861490270982","Coba dong KPI balikin lagi channel TV Spacetoon","2024-05-31T01:22:10.000Z","0","0","id","7374321954217643281","false","7354055785557394449","mysy4r_","Astromophile.","https://www.tiktok.com/@mysy4r_","""Yang mau story lagu Spotify.
cek repost ulang.""","https://p16-sign-va.tiktokcdn.com/tos-maliva-avt-0068/c365cd3e0b74fac5152f21a46de6706d~tplv-tiktokx-cropcenter-q:100:100:q70.heic?dr=9606&idc=no1a&ps=87d6e48a&refresh_token=005c9b5d&s=COMMENT_LIST&sc=avatar&shcp=ff37627b&shp=30310797&t=223449c4&x-expires=1758960000&x-signature=Gi11ruK2Uxd%2Bbo7LLzWOeRZwJYM%3D","ID","id","false","false"
"7374692565553120006","gpp gw yakin kalo kebijakan ini di setujui makin banyak orang yg mau belajar bahasa inggris lebih enak liat konten luar negri ko 😃","2024-05-30T08:08:16.000Z","0","0","id","7374321954217643281","false","6875977620102824961","tyo979","Tio Putra","https://www.tiktok.com/@tyo979","","https://p16-sign-sg.tiktokcdn.com/tos-alisg-avt-0068/f91a3778b33e01af7a31060a0ef4103b~tplv-tiktokx-cropcenter-q:100:100:q70.heic?dr=9606&idc=no1a&ps=87d6e48a&refresh_token=2d0dcfc8&s=COMMENT_LIST&sc=avatar&shcp=ff37627b&shp=30310797&t=223449c4&x-expires=1758960000&x-signature=hHAZXKKvGZsx%2BlzcgK7ObPiKzGM%3D","ID","id","false","false"
"7374577266644845318","lucu aja yang mendukung UU KPI
kalau sampai UU ini disahkan
menurut sya akan ada monopoli penyiaran
dan tak ada lagi pluralism konten di sosmed
dan akan mematikan konten kreator daerah","2024-05-30T00:06:27.000Z","0","0","id","7374321954217643281","false","7180681594192446491","uyab203","uyab203","https://www.tiktok.com/@uyab203","","https://p16-sign-va.tiktokcdn.com/tos-maliva-avt-0068/773c00c309c8d0cce5c1463632e46aae~tplv-tiktokx-cropcenter-q:100:100:q70.heic?dr=9606&idc=no1a&ps=87d6e48a&refresh_token=1491da63&s=COMMENT_LIST&sc=avatar&shcp=ff37627b&shp=30310797&t=223449c4&x-expires=1758960000&x-signature=9JvL1pG60p3vvZUFXjlrwBswSNI%3D","ID","id","false","false"
"7374553320223113990","tp kalo dari kemaren lu endorse keberlanjutan berarti lu enjoy dengan hal2 begini bakal terus terjadi kedepannya ya...","2024-05-29T22:33:38.000Z","0","15","id","7374321954217643281","false","6811071492621796353","hewan_pengaret","ꎆꎫꎧꎫꎳꎥ ꎇꎫꎪꎰꎫꎨ","https://www.tiktok.com/@hewan_pengaret","","https://p19-common-sign-useastred.tiktokcdn-eu.com/tos-useast2a-avt-0068-aiso/ea68bf2b9fea736fe7f8c69da20c4ae1~tplv-tiktokx-cropcenter-q:100:100:q70.heic?dr=9606&idc=no1a&ps=87d6e48a&refresh_token=6c4e4831&s=COMMENT_LIST&sc=avatar&shcp=ff37627b&shp=30310797&t=223449c4&x-expires=1758960000&x-signature=BCVEZZp21nwgDBX0i6Sbq0ZhmLA%3D","ID","id","false","false"
"7374466924091343622","sekarang gua sadar kenapa capres kemarin sangat menggemparkan dunia politik, ternyata","2024-05-29T16:58:13.000Z","1","4","id","7374321954217643281","false","6820400904988247041","beritaterkinigo","Iky.","https://www.tiktok.com/@beritaterkinigo","","https://p77-sign-sg.tiktokcdn.com/tos-alisg-avt-0068/8622f394d49333a1f260183c09d9a6f9~tplv-tiktokx-cropcenter-q:100:100:q70.heic?dr=9606&idc=no1a&ps=87d6e48a&refresh_token=e2e46090&s=COMMENT_LIST&sc=avatar&shcp=ff37627b&shp=30310797&t=223449c4&x-expires=1758960000&x-signature=lk%2B0Vx4m2%2Bjd78VVdti2bQlcS9k%3D","ID","id","false","false"
"7374367659024188166","kpi selalu aneh","2024-05-29T10:59:53.000Z","5","2","id","7374321954217643281","false","6965449975132947458","pandora_actor41","Pandora's Actor","https://www.tiktok.com/@pandora_actor41","","https://p16-sign-va.tiktokcdn.com/tos-maliva-avt-0068/853f7cc530d0c451164844dc4c753aa3~tplv-tiktokx-cropcenter-q:100:100:q70.heic?dr=9606&idc=no1a&ps=87d6e48a&refresh_token=d34231b2&s=COMMENT_LIST&sc=avatar&shcp=ff37627b&shp=30310797&t=223449c4&x-expires=1758960000&x-signature=59DpqvqKMUMkeuXc44EqCoWriJA%3D","ID","id","false","false"
"7374523293489185542","gua bkn yutuber dll tp gua rsa UU baru KPI gk msuk di logika, ngapain YT lu ikut cmpur ya toh yg gaji konten kreator dri pihak YT bkn dri KPI klu lu yg gaji lu mw buat aturan se enak jidat gk jd mslah","2024-05-29T20:36:56.000Z","0","1","id","7374321954217643281","false","6822482734742012929","adhy1506","Adhy Biang Keroks Sp","https://www.tiktok.com/@adhy1506","","https://p16-sign-sg.tiktokcdn.com/tos-alisg-avt-0068/9b4fa410a6baf4cb06b555898693643f~tplv-tiktokx-cropcenter-q:100:100:q70.heic?dr=9606&idc=no1a&ps=87d6e48a&refresh_token=b51184db&s=COMMENT_LIST&sc=avatar&shcp=ff37627b&shp=30310797&t=223449c4&x-expires=1758960000&x-signature=I91MNLYmBTdvy7%2BiEVuCyZClYwg%3D","ID","id","false","false"
"7374482606784447238","konten kreator jadi kehilangan konten, jadi kehilangan penghasilan. katanya Indonesia mau memajukan perekonomian, kok malah bikin ruu yang menghambat rezeki rakyat🥀","2024-05-29T17:59:07.000Z","3","0","id","7374321954217643281","false","6951956012165792774","tinky_wenky","Tinky Wenky","https://www.tiktok.com/@tinky_wenky","bekerja di PTmencaricintasejati
Listening ""d'paspor_Cinta Dalam Doa - <unknown>""","https://p77-sign-va.tiktokcdn.com/tos-maliva-avt-0068/0762ca7a3438471a5fba60e0ed282f8c~tplv-tiktokx-cropcenter-q:100:100:q70.heic?dr=9606&idc=no1a&ps=87d6e48a&refresh_token=a9ca775a&s=COMMENT_LIST&sc=avatar&shcp=ff37627b&shp=30310797&t=223449c4&x-expires=1758960000&x-signature=0nrMC0tr6u4c5Il9fXm7rXzVozQ%3D","ID","id","false","false"
"7374747455898600197","Jerome so asik","2024-05-30T11:06:45.000Z","2","0","id","7374321954217643281","false","7176287231077106715","dodolgaruda","mada mada","https://www.tiktok.com/@dodolgaruda","Data","https://p16-sign-sg.tiktokcdn.com/tos-alisg-avt-0068/f37972e75bde524e2d2d3467fcee6c9e~tplv-tiktokx-cropcenter-q:100:100:q70.heic?dr=9606&idc=no1a&ps=87d6e48a&refresh_token=43024020&s=COMMENT_LIST&sc=avatar&shcp=ff37627b&shp=30310797&t=223449c4&x-expires=1758960000&x-signature=W5r0kYsSOyeG4lXzXWq1JmcR8Ao%3D","ID","id","false","false"
"7402060899571401478","gausah di dengerin dia ngomong, percuma dia gabakalan ikut demo biarin aja, lu pada gausah pusing buat mikirin demo","2024-08-12T01:36:51.000Z","1","0","id","7374321954217643281","false","7226307007744558087","jalls.0","dak","https://www.tiktok.com/@jalls.0","","https://p16-sign-va.tiktokcdn.com/tos-maliva-avt-0068/ff40c4cac66bb4397e0f704570d59bae~tplv-tiktokx-cropcenter-q:100:100:q70.heic?dr=9606&idc=no1a&ps=87d6e48a&refresh_token=51576f0e&s=COMMENT_LIST&sc=avatar&shcp=ff37627b&shp=30310797&t=223449c4&x-expires=1758960000&x-signature=OAObof68ijfPospc7Ic3TXK4sDI%3D","ID","id","false","false"
"7374568963642114817","KPI gak guna","2024-05-29T23:34:23.000Z","1","0","ms","7374321954217643281","false","7179027477535310849","sagitarius_28","sagitarius","https://www.tiktok.com/@sagitarius_28","","https://p19-common-sign-useastred.tiktokcdn-eu.com/tos-useast2a-avt-0068-giso/822645fe75b6524af6a64f524df31d5f~tplv-tiktokx-cropcenter-q:100:100:q70.heic?dr=9606&idc=no1a&ps=87d6e48a&refresh_token=86df8265&s=COMMENT_LIST&sc=avatar&shcp=ff37627b&shp=30310797&t=223449c4&x-expires=1758960000&x-signature=4xtdQ6JLF%2Fkp6P9823Q5sKESeMQ%3D","MY","id","false","false"
"7374492351315723014","saya kurang gaji atasan gua makan gaji karyawan di laporkan malah gua yg di oecat, intinya ada uang ada kuasa, jalur hukum gak deh di tangkep bro","2024-05-29T18:36:50.000Z","1","0","id","7374321954217643281","false","6900330172512535558","ardy_chuwel24","Ar","https://www.tiktok.com/@ardy_chuwel24","📍 support 1k guys 📍","https://p77-sign-va.tiktokcdn.com/tos-maliva-avt-0068/d370567cd44e2a240b416d159394e9cc~tplv-tiktokx-cropcenter-q:100:100:q70.heic?dr=9606&idc=no1a&ps=87d6e48a&refresh_token=d099041a&s=COMMENT_LIST&sc=avatar&shcp=ff37627b&shp=30310797&t=223449c4&x-expires=1758960000&x-signature=ZjwGz%2BgQfdUzpyTnsH6kEe5wQHU%3D","ID","id","false","false"
"7374451029079999237","Ga kebayang nanti tontonan akan semua sama kaya tv. Bosen anjir","2024-05-29T15:56:37.000Z","1","0","id","7374321954217643281","false","6973006087754826754","rioedipranoto11","Rahvana","https://www.tiktok.com/@rioedipranoto11","","https://p77-sign-sg.tiktokcdn.com/tos-alisg-avt-0068/7325870120264269826~tplv-tiktokx-cropcenter-q:100:100:q70.heic?dr=9606&idc=no1a&ps=87d6e48a&refresh_token=4ffba4a0&s=COMMENT_LIST&sc=avatar&shcp=ff37627b&shp=30310797&t=223449c4&x-expires=1758960000&x-signature=taCAuKKrFYQnI4IxB5G%2BFRpBvaY%3D","ID","id","false","false"
"7386557903727067910","karna kpi udh kurang duit dari pemerintah kan chuaks 🤣🤣🤣","2024-07-01T06:57:25.000Z","0","0","id","7374321954217643281","false","7108614512576480283","ahambali20","🤡","https://www.tiktok.com/@ahambali20","aham","https://p16-sign-va.tiktokcdn.com/tos-maliva-avt-0068/dac8e787dbc7032466025a86c4efde5a~tplv-tiktokx-cropcenter-q:100:100:q70.heic?dr=9606&idc=no1a&ps=87d6e48a&refresh_token=9c17003e&s=COMMENT_LIST&sc=avatar&shcp=ff37627b&shp=30310797&t=223449c4&x-expires=1758960000&x-signature=jDDAAfzp%2FQ4iW%2BWOPei%2BJKVJ6iM%3D","ID","id","false","false"
"7384053369847005958","agar yg vokal menyuarakan kebenaran, bisa di batasi??"" mau sosmed kaya tv yg isinya gk penting semua??","2024-06-24T12:58:30.000Z","0","0","id","7374321954217643281","false","7099133934123369473","wahagungcahaya","wah agung","https://www.tiktok.com/@wahagungcahaya","youtube : Mr. castchannel
ig:WahAgungCahayaPut","https://p16-sign-sg.tiktokcdn.com/tos-alisg-avt-0068/2a09dd4197b4aa8b819f3c8e5e4eee0a~tplv-tiktokx-cropcenter-q:100:100:q70.heic?dr=9606&idc=no1a&ps=87d6e48a&refresh_token=1ae5482b&s=COMMENT_LIST&sc=avatar&shcp=ff37627b&shp=30310797&t=223449c4&x-expires=1758960000&x-signature=45o%2Fq12Stj%2F%2BZO561iZmoCSE%2BKo%3D","ID","id","false","false"
"7375763785220866821","nonton serba vpn","2024-06-02T04:50:42.000Z","0","0","id","7374321954217643281","false","6941415763938051073","nando_disini_","Nando_","https://www.tiktok.com/@nando_disini_","","https://p77-sign-sg.tiktokcdn.com/tos-alisg-avt-0068/9eacd3b6314f7fc326d4d6cf2b153a87~tplv-tiktokx-cropcenter-q:100:100:q70.heic?dr=9606&idc=no1a&ps=87d6e48a&refresh_token=d464dc79&s=COMMENT_LIST&sc=avatar&shcp=ff37627b&shp=30310797&t=223449c4&x-expires=1758960000&x-signature=R5OCFmgloafoTuM%2FYmlzcNLLNug%3D","ID","id","false","false"
"7375539321388532486","banyak aturan. saya setuju emang engga asik sekarang. cuakkkk lah kita nonton tuyul dan Mbak Yul aja😂😂😂","2024-06-01T14:19:40.000Z","0","0","id","7374321954217643281","false","6611664742610485250","tonymawardy","TonyPW","https://www.tiktok.com/@tonymawardy","","https://p19-common-sign-useastred.tiktokcdn-eu.com/tos-useast2a-avt-0068-giso/aaa4e6726911b4668c91ab7e7f8a989c~tplv-tiktokx-cropcenter-q:100:100:q70.heic?dr=9606&idc=no1a&ps=87d6e48a&refresh_token=1a963ab2&s=COMMENT_LIST&sc=avatar&shcp=ff37627b&shp=30310797&t=223449c4&x-expires=1758960000&x-signature=gnHM5aOekQADz%2FnUKSSBSnSR%2BL8%3D","ID","id","false","false"
"7375434360940741382","Kami Pasukan 58% Tetap Dukung Pemerintah Dan Perubahan UU Penyiaran 👍","2024-06-01T07:32:26.000Z","0","0","id","7374321954217643281","false","7136232440712381442","arifbinmnur","Arif Blang Ranto","https://www.tiktok.com/@arifbinmnur","Setidaknya Punya Penggaris Untuk Mengukur","https://p77-sign-sg.tiktokcdn.com/tos-alisg-avt-0068/3a4b57bd1cbaf4c53b42186b6f85556d~tplv-tiktokx-cropcenter-q:100:100:q70.heic?dr=9606&idc=no1a&ps=87d6e48a&refresh_token=a22ec8ae&s=COMMENT_LIST&sc=avatar&shcp=ff37627b&shp=30310797&t=223449c4&x-expires=1758960000&x-signature=y1tHGNkyEwPhkFW%2BJmS7LPqgmNs%3D","ID","id","false","false"
"7375225934141866757","kpi isinya ortu doang yg nyari untung","2024-05-31T18:03:31.000Z","0","0","id","7374321954217643281","false","6952348644331439106","kimchi.demon.venerable","KimCHi Demon Venerable","https://www.tiktok.com/@kimchi.demon.venerable","I came back now","https://p16-sign-sg.tiktokcdn.com/tos-alisg-avt-0068/d01bc545efd1a51ec937d1d6516fe04d~tplv-tiktokx-cropcenter-q:100:100:q70.heic?dr=9606&idc=no1a&ps=87d6e48a&refresh_token=d3f44660&s=COMMENT_LIST&sc=avatar&shcp=ff37627b&shp=30310797&t=223449c4&x-expires=1758960000&x-signature=6EWcyBttQdUkGtnQfZzx7wN2pOc%3D","ID","id","false","false"
"7375187272209793798","menghindari anda KPI😆😆","2024-05-31T16:12:00.000Z","0","0","id","7374321954217643281","false","6748224647240713218","sunjayanscord","Sunjayan Scord","https://www.tiktok.com/@sunjayanscord","","https://p16-sign-sg.tiktokcdn.com/tos-alisg-avt-0068/7336631323844411412~tplv-tiktokx-cropcenter-q:100:100:q70.heic?dr=9606&idc=no1a&ps=87d6e48a&refresh_token=6cf49da7&s=COMMENT_LIST&sc=avatar&shcp=ff37627b&shp=30310797&t=223449c4&x-expires=1758960000&x-signature=n8xGc4MPgSM13bgiJVxS53MJDEQ%3D","ID","id","false","false"
"7375109050457506566","yg harus di didik itu kpi
sifat korup ada saja yg di perbaiki","2024-05-31T10:30:01.000Z","0","0","id","7374321954217643281","false","7004896153524405275","hubazzyynn","Axyyy","https://www.tiktok.com/@hubazzyynn","Philocalist","https://p77-sign-sg.tiktokcdn.com/tos-alisg-avt-0068/56ea975e054dfbbd019572e3186f7d8e~tplv-tiktokx-cropcenter-q:100:100:q70.heic?dr=9606&idc=no1a&ps=87d6e48a&refresh_token=a5119350&s=COMMENT_LIST&sc=avatar&shcp=ff37627b&shp=30310797&t=223449c4&x-expires=1758960000&x-signature=wV233RYb9iS82DCjvdzafbG4c5k%3D","ID","id","false","false"
"7374981024156484358","yg mereka pikirin cuma duit mereka sendiri, smentara KPI apapun persepsi mereka membawahi tanggung jawab moral rakyat seindonesia","2024-05-31T02:13:20.000Z","0","0","id","7374321954217643281","false","6973817381576262658","samhari_abiuling","SAMHARI","https://www.tiktok.com/@samhari_abiuling","","https://p16-sign-va.tiktokcdn.com/tos-maliva-avt-0068/b744bf0f8016a44a8bee4cfa4f13f465~tplv-tiktokx-cropcenter-q:100:100:q70.heic?dr=9606&idc=no1a&ps=87d6e48a&refresh_token=9f8526ed&s=COMMENT_LIST&sc=avatar&shcp=ff37627b&shp=30310797&t=223449c4&x-expires=1758960000&x-signature=Suy6sFKb5lYFn56gPr0pTI4ua3k%3D","ID","id","false","false"
"7374800093810131717","Gua udah 7tahun kg nnton tv gegara kaga asik lg. Kalo youtube diatur jg gua kg punya tontonan dong","2024-05-30T14:31:08.000Z","0","0","id","7374321954217643281","false","7066061698323661850","sua_chwan","Sua.chan","https://www.tiktok.com/@sua_chwan","jangan kepo doang Follow juga lah
Ig. @Suuaa.chan","https://p19-common-sign-useastred.tiktokcdn-eu.com/tos-useast2a-avt-0068-giso/21e2c0f2ea293f592d9c89db05d815cd~tplv-tiktokx-cropcenter-q:100:100:q70.heic?dr=9606&idc=no1a&ps=87d6e48a&refresh_token=1e6b25af&s=COMMENT_LIST&sc=avatar&shcp=ff37627b&shp=30310797&t=223449c4&x-expires=1758960000&x-signature=vaL3nHlPqfZOp3zJMByq%2FboZgO4%3D","ID","id","false","false"
"7374797838603584261","lawak bgt si coki dama s
dedy, kemarin diam ""aj giliran lapaknya kesenggol baru up ,ah kocak""🤡💃","2024-05-30T14:22:20.000Z","0","0","id","7374321954217643281","false","7279038663346324485","userfor.y","Ⓜ️ENG","https://www.tiktok.com/@userfor.y","","https://p16-sign-sg.tiktokcdn.com/tos-alisg-avt-0068/2f4125dba8fa5ddcc6420ad473d0226f~tplv-tiktokx-cropcenter-q:100:100:q70.heic?dr=9606&idc=no1a&ps=87d6e48a&refresh_token=5b82b6a4&s=COMMENT_LIST&sc=avatar&shcp=ff37627b&shp=30310797&t=223449c4&x-expires=1758960000&x-signature=Q81yvXazysWJlzowhA62urkkcxc%3D","ID","id","false","false"
"7374787812145152773","aturan ini tu tp iklan slot dmn² waras gak sih negara ini","2024-05-30T13:43:25.000Z","0","0","id","7374321954217643281","false","6838431569544397826","kemiskinann_official","KEMISKINAN","https://www.tiktok.com/@kemiskinann_official","godong kates official","https://p16-sign-sg.tiktokcdn.com/tos-alisg-avt-0068/1b9eef1c6c271836a0044ee13cd45246~tplv-tiktokx-cropcenter-q:100:100:q70.heic?dr=9606&idc=no1a&ps=87d6e48a&refresh_token=b7eae452&s=COMMENT_LIST&sc=avatar&shcp=ff37627b&shp=30310797&t=223449c4&x-expires=1758960000&x-signature=kIam9kIZNMJNrdC2DuxS4YII28Q%3D","ID","id","false","false"
"7374742529539556102","ciyaaah sok sok an mau ngatur ngatur, situs b0k3p aja masih keras sampai sekarang","2024-05-30T11:43:35.000Z","0","0","id","7374321954217643281","false","7061453634562753537","am_keju","KEJU_KUN.【NEWBIE_IP】🧀🖌️🎨","https://www.tiktok.com/@am_keju","anggap aja ini bio","https://p16-sign-sg.tiktokcdn.com/tos-alisg-avt-0068/9db1221b7726898017096e31c22f76c9~tplv-tiktokx-cropcenter-q:100:100:q70.heic?dr=9606&idc=no1a&ps=87d6e48a&refresh_token=31a3c8b3&s=COMMENT_LIST&sc=avatar&shcp=ff37627b&shp=30310797&t=223449c4&x-expires=1758960000&x-signature=Qme%2FO%2BNyf1rJ5SBEjwDtNlXOiAc%3D","ID","id","false","false"
"7374702752269042437","nggak bisa viralin para oknum lagi dong 😂","2024-05-30T08:13:28.000Z","0","0","id","7374321954217643281","false","7098235693236208641","bagiandarimasalalu","npddd","https://www.tiktok.com/@bagiandarimasalalu","","https://p16-sign-sg.tiktokcdn.com/tos-alisg-avt-0068/b06817907ff8f5a54ef9493d7c61b03a~tplv-tiktokx-cropcenter-q:100:100:q70.heic?dr=9606&idc=no1a&ps=87d6e48a&refresh_token=5a4aed03&s=COMMENT_LIST&sc=avatar&shcp=ff37627b&shp=30310797&t=223449c4&x-expires=1758960000&x-signature=28KydW9dw7qT9oQG%2BYQyeGIu6U4%3D","ID","id","false","false"
"7374684720724574982","penghasilan konten blum sbrp eh malah banyak aturan aduh KPI","2024-05-30T07:03:24.000Z","0","0","id","7374321954217643281","false","6884350751075255297","harahapsetia0","Harahap Setia☑️","https://www.tiktok.com/@harahapsetia0","HALA MADRID🇮🇩","https://p16-sign-sg.tiktokcdn.com/tos-alisg-avt-0068/c1c42cfb954c0988891a7599d6b744f8~tplv-tiktokx-cropcenter-q:100:100:q70.heic?dr=9606&idc=no1a&ps=87d6e48a&refresh_token=2937978b&s=COMMENT_LIST&sc=avatar&shcp=ff37627b&shp=30310797&t=223449c4&x-expires=1758960000&x-signature=9phkfCUdxIiGCeaBiYozIfcfgd8%3D","ID","id","false","false"
"7374678024862270213","ya bagus lah klo di atur kpi..udah bnyak yang vulgar 🤭🤭","2024-05-30T06:37:29.000Z","0","0","id","7374321954217643281","false","6962109100941034502","acaaja69","mangkuto fashion","https://www.tiktok.com/@acaaja69","","https://p16-sign-sg.tiktokcdn.com/tos-alisg-avt-0068/8f815d8f5fafb547bf8c9aacc0180a54~tplv-tiktokx-cropcenter-q:100:100:q70.heic?dr=9606&idc=no1a&ps=87d6e48a&refresh_token=ee084e5f&s=COMMENT_LIST&sc=avatar&shcp=ff37627b&shp=30310797&t=223449c4&x-expires=1758960000&x-signature=yVgDgSuRBHNx5snrX60rpLp20i4%3D","ID","id","false","false"
"7374677592949015302","Rasa ingin pindah ke negera lain","2024-05-30T06:35:42.000Z","0","0","id","7374321954217643281","false","6914140766453629953","tomone13","ELGOAT","https://www.tiktok.com/@tomone13","","https://p16-sign-sg.tiktokcdn.com/tos-alisg-avt-0068/09ab790643411473d7aeaf9a6289f0ea~tplv-tiktokx-cropcenter-q:100:100:q70.heic?dr=9606&idc=no1a&ps=87d6e48a&refresh_token=d7185918&s=COMMENT_LIST&sc=avatar&shcp=ff37627b&shp=30310797&t=223449c4&x-expires=1758960000&x-signature=KdWHzkrGZzUjnXNUnqRN6KKBDSw%3D","ID","id","false","false"
"7374655258523681542","KPI mending atur TV aja dah acara di tv pada gajelas 😂😂","2024-05-30T05:09:04.000Z","0","0","id","7374321954217643281","false","7350701369374213125","socrates7781","Marcopolo","https://www.tiktok.com/@socrates7781","Sedunia Tau","https://p16-sign-sg.tiktokcdn.com/tos-alisg-avt-0068/e3e32696dea45ab41f671dd05bd197b3~tplv-tiktokx-cropcenter-q:100:100:q70.heic?dr=9606&idc=no1a&ps=87d6e48a&refresh_token=f4738bf7&s=COMMENT_LIST&sc=avatar&shcp=ff37627b&shp=30310797&t=223449c4&x-expires=1758960000&x-signature=vG1%2F%2FpoQvRgybohV%2Fvd4aw0JREo%3D","ID","id","false","false"
"7374646673481057030","knapa anak muda jaman sekarang lebih memilih jadi konten creator/selebgram, karena males cari kerja, males melamar pekerjaan, terlalu banyak persyaratan, yg persyaratannya lengkap belum tentu keterima","2024-05-30T04:35:51.000Z","0","0","id","7374321954217643281","false","7317661224945320965","putra_petruk1994","akunku","https://www.tiktok.com/@putra_petruk1994","","https://p77-sign-va-lite.tiktokcdn.com/tos-maliva-avt-0068/7345791501476462598~tplv-tiktokx-cropcenter-q:100:100:q70.heic?dr=9606&idc=no1a&ps=87d6e48a&refresh_token=e7383f14&s=COMMENT_LIST&sc=avatar&shcp=ff37627b&shp=30310797&t=223449c4&x-expires=1758960000&x-signature=BErhBIPfsnIlOHQxLvULzMi1Xxc%3D","ID","id","false","false"
"7374608856787878661","kok seakan akan, masyrakat youtube yang berprestasi, yang ada hasil, mereka mereka yang mau uangnya, dgn alsan pajak lah, ini lah itu lah.","2024-05-30T02:09:03.000Z","0","0","id","7374321954217643281","false","7285818225065460742","blacksedan36_","blacksedan36_","https://www.tiktok.com/@blacksedan36_","","https://p77-sign-sg.tiktokcdn.com/tos-alisg-avt-0068/05285964faa0d048e13ee73d6c982034~tplv-tiktokx-cropcenter-q:100:100:q70.heic?dr=9606&idc=no1a&ps=87d6e48a&refresh_token=b57e0c7d&s=COMMENT_LIST&sc=avatar&shcp=ff37627b&shp=30310797&t=223449c4&x-expires=1758960000&x-signature=66M7upjQgokfNYSv3KZx8hI1%2BgY%3D","ID","id","false","false"
"7374607126335800070","gengster makin marak akibat film vina","2024-05-30T02:02:21.000Z","0","0","id","7374321954217643281","false","6735433136957670401","shadow_garden0","SUNG JIN WOO","https://www.tiktok.com/@shadow_garden0","","https://p16-sign-va.tiktokcdn.com/tos-maliva-avt-0068/d87c146eee2a56d41d9f8d48bc94c4f8~tplv-tiktokx-cropcenter-q:100:100:q70.heic?dr=9606&idc=no1a&ps=87d6e48a&refresh_token=8109450d&s=COMMENT_LIST&sc=avatar&shcp=ff37627b&shp=30310797&t=223449c4&x-expires=1758960000&x-signature=JQDqS2F62e%2FnRWrq3Fl6UVTYaTQ%3D","ID","id","false","false"
"7374797838603584261","lawak bgt si coki dama s
dedy, kemarin diam ""aj giliran lapaknya kesenggol baru up ,ah kocak""🤡💃","2024-05-30T14:22:20.000Z","0","0","id","7374321954217643281","false","7279038663346324485","userfor.y","Ⓜ️ENG","https://www.tiktok.com/@userfor.y","","https://p77-sign-sg.tiktokcdn.com/tos-alisg-avt-0068/2f4125dba8fa5ddcc6420ad473d0226f~tplv-tiktokx-cropcenter-q:100:100:q70.heic?dr=9606&idc=no1a&ps=87d6e48a&refresh_token=518e5d54&s=COMMENT_LIST&sc=avatar&shcp=ff37627b&shp=30310797&t=223449c4&x-expires=1758960000&x-signature=RjFLJEaeW9hNJ6cmlzV1qTOv59k%3D","ID","id","false","false"
"7374800093810131717","Gua udah 7tahun kg nnton tv gegara kaga asik lg. Kalo youtube diatur jg gua kg punya tontonan dong","2024-05-30T14:31:08.000Z","0","0","id","7374321954217643281","false","7066061698323661850","sua_chwan","Sua.chan","https://www.tiktok.com/@sua_chwan","jangan kepo doang Follow juga lah
Ig. @Suuaa.chan","https://p19-common-sign-useastred.tiktokcdn-eu.com/tos-useast2a-avt-0068-giso/21e2c0f2ea293f592d9c89db05d815cd~tplv-tiktokx-cropcenter-q:100:100:q70.heic?dr=9606&idc=no1a&ps=87d6e48a&refresh_token=1e6b25af&s=COMMENT_LIST&sc=avatar&shcp=ff37627b&shp=30310797&t=223449c4&x-expires=1758960000&x-signature=vaL3nHlPqfZOp3zJMByq%2FboZgO4%3D","ID","id","false","false"
"7374981024156484358","yg mereka pikirin cuma duit mereka sendiri, smentara KPI apapun persepsi mereka membawahi tanggung jawab moral rakyat seindonesia","2024-05-31T02:13:20.000Z","0","0","id","7374321954217643281","false","6973817381576262658","samhari_abiuling","SAMHARI","https://www.tiktok.com/@samhari_abiuling","","https://p16-sign-va.tiktokcdn.com/tos-maliva-avt-0068/b744bf0f8016a44a8bee4cfa4f13f465~tplv-tiktokx-cropcenter-q:100:100:q70.heic?dr=9606&idc=no1a&ps=87d6e48a&refresh_token=9f8526ed&s=COMMENT_LIST&sc=avatar&shcp=ff37627b&shp=30310797&t=223449c4&x-expires=1758960000&x-signature=Suy6sFKb5lYFn56gPr0pTI4ua3k%3D","ID","id","false","false"
"7386557903727067910","karna kpi udh kurang duit dari pemerintah kan chuaks 🤣🤣🤣","2024-07-01T06:57:25.000Z","0","0","id","7374321954217643281","false","7108614512576480283","ahambali20","🤡","https://www.tiktok.com/@ahambali20","aham","https://p16-sign-va.tiktokcdn.com/tos-maliva-avt-0068/dac8e787dbc7032466025a86c4efde5a~tplv-tiktokx-cropcenter-q:100:100:q70.heic?dr=9606&idc=no1a&ps=87d6e48a&refresh_token=9c17003e&s=COMMENT_LIST&sc=avatar&shcp=ff37627b&shp=30310797&t=223449c4&x-expires=1758960000&x-signature=jDDAAfzp%2FQ4iW%2BWOPei%2BJKVJ6iM%3D","ID","id","false","false"
"7375109050457506566","yg harus di didik itu kpi
sifat korup ada saja yg di perbaiki","2024-05-31T10:30:01.000Z","0","0","id","7374321954217643281","false","7004896153524405275","hubazzyynn","Axyyy","https://www.tiktok.com/@hubazzyynn","Philocalist","https://p16-sign-sg.tiktokcdn.com/tos-alisg-avt-0068/56ea975e054dfbbd019572e3186f7d8e~tplv-tiktokx-cropcenter-q:100:100:q70.heic?dr=9606&idc=no1a&ps=87d6e48a&refresh_token=5fefaaed&s=COMMENT_LIST&sc=avatar&shcp=ff37627b&shp=30310797&t=223449c4&x-expires=1758960000&x-signature=X%2BxDAXw50dp6gnkTZrEfnxK7l2s%3D","ID","id","false","false"
"7374430255371698949","KPI = Kurang Pemasukan Intinya 😅","2024-05-29T14:35:58.000Z","0","0","id","7374321954217643281","false","7313935591753745413","rofi.riris","Qee_coNk garage","https://www.tiktok.com/@rofi.riris","","https://p16-sign-va.tiktokcdn.com/tos-maliva-avt-0068/c06af100764894233f182c4fbaec3269~tplv-tiktokx-cropcenter-q:100:100:q70.heic?dr=9606&idc=no1a&ps=87d6e48a&refresh_token=e0de7f63&s=COMMENT_LIST&sc=avatar&shcp=ff37627b&shp=30310797&t=223449c4&x-expires=1758960000&x-signature=PFyLBukmsCIXauxhbl4PYQ6ts24%3D","ID","id","false","false"
"7374429858753479429","Bubarkan KPI, ga guna banget.
Kartun di sensor, udah ga bisa dipahami jalan pikiran nya...
Emang diluar nurul","2024-05-29T15:00:37.000Z","0","0","id","7374321954217643281","false","6946165250706998274","pemalu_bukan_pemula","Pemalu Bukan Pemula 🦈💦","https://www.tiktok.com/@pemalu_bukan_pemula","Hanya mencoba menguak rahasia zodiak yang jarang dibuka secara detail...","https://p77-sign-sg.tiktokcdn.com/tos-alisg-avt-0068/dc3f6b667e6650d11d2445b52b7f8513~tplv-tiktokx-cropcenter-q:100:100:q70.heic?dr=9606&idc=no1a&ps=87d6e48a&refresh_token=636319ac&s=COMMENT_LIST&sc=avatar&shcp=ff37627b&shp=30310797&t=223449c4&x-expires=1758960000&x-signature=aHNzkV9tASMpYWjer7mYIP5%2BmZo%3D","ID","en","false","false"
"7375187272209793798","menghindari anda KPI😆😆","2024-05-31T16:12:00.000Z","0","0","id","7374321954217643281","false","6748224647240713218","sunjayanscord","Sunjayan Scord","https://www.tiktok.com/@sunjayanscord","","https://p77-sign-sg.tiktokcdn.com/tos-alisg-avt-0068/7336631323844411412~tplv-tiktokx-cropcenter-q:100:100:q70.heic?dr=9606&idc=no1a&ps=87d6e48a&refresh_token=c7cd33d3&s=COMMENT_LIST&sc=avatar&shcp=ff37627b&shp=30310797&t=223449c4&x-expires=1758960000&x-signature=obGj4I1oNfV%2FKBrHF9zlocBKmOE%3D","ID","id","false","false"
"7374441947924218630","Si Coki yg kta mrka gak dikenal para oknum fans ayah bunda🔥🤡🤣. Dia lbh cerdas dr ....","2024-05-29T15:21:16.000Z","0","0","id","7374321954217643281","false","7275946616278926342","de765240","de","https://www.tiktok.com/@de765240","","https://p77-sign-sg.tiktokcdn.com/tos-alisg-avt-0068/2bb1a03ea20e7f02788fed77870c82ce~tplv-tiktokx-cropcenter-q:100:100:q70.heic?dr=9606&idc=no1a&ps=87d6e48a&refresh_token=51af59d2&s=COMMENT_LIST&sc=avatar&shcp=ff37627b&shp=30310797&t=223449c4&x-expires=1758960000&x-signature=pDt3VF2%2BqK0aXddKXlrdLYKsfaU%3D","ID","en","false","false"
"7374442041483805446","oh dpr yg gk kerja itu ya","2024-05-29T15:21:40.000Z","0","0","id","7374321954217643281","false","7359302009680708614","yamisukehiro23v","Yami Sukehiro","https://www.tiktok.com/@yamisukehiro23v","","https://p16-sign-va.tiktokcdn.com/tos-maliva-avt-0068/b44967261b31b615fbc665dcf0d8f6b9~tplv-tiktokx-cropcenter-q:100:100:q70.heic?dr=9606&idc=no1a&ps=87d6e48a&refresh_token=6da111bc&s=COMMENT_LIST&sc=avatar&shcp=ff37627b&shp=30310797&t=223449c4&x-expires=1758960000&x-signature=IhGdKjryQXcEcPs7xiqN5vZyNXg%3D","ID","id","false","false"
"7375225934141866757","kpi isinya ortu doang yg nyari untung","2024-05-31T18:03:31.000Z","0","0","id","7374321954217643281","false","6952348644331439106","kimchi.demon.venerable","KimCHi Demon Venerable","https://www.tiktok.com/@kimchi.demon.venerable","I came back now","https://p16-sign-sg.tiktokcdn.com/tos-alisg-avt-0068/d01bc545efd1a51ec937d1d6516fe04d~tplv-tiktokx-cropcenter-q:100:100:q70.heic?dr=9606&idc=no1a&ps=87d6e48a&refresh_token=d3f44660&s=COMMENT_LIST&sc=avatar&shcp=ff37627b&shp=30310797&t=223449c4&x-expires=1758960000&x-signature=6EWcyBttQdUkGtnQfZzx7wN2pOc%3D","ID","id","false","false"
